name;site;type;function;reference
M1A;p.Met1Ala;mutation;;
M1C;p.Met1Cys;mutation;;
M1D;p.Met1Asp;mutation;;
M1E;p.Met1Glu;mutation;;
M1F;p.Met1Phe;mutation;;
M1G;p.Met1Gly;mutation;;
M1H;p.Met1His;mutation;;
M1I;p.Met1Ile;mutation;;
M1L;p.Met1Leu;mutation;;
M1N;p.Met1Asn;mutation;;
M1P;p.Met1Pro;mutation;;
M1Q;p.Met1Gln;mutation;;
M1R;p.Met1Arg;mutation;;
M1S;p.Met1Ser;mutation;;
M1T;p.Met1Thr;mutation;;
M1V;p.Met1Val;mutation;;
M1Y;p.Met1Tyr;mutation;;
M1W;p.Met1Trp;mutation;;
M1K;p.Met1Lys;mutation;;
A2C;p.Ala2Cys;mutation;;
A2D;p.Ala2Asp;mutation;;
A2E;p.Ala2Glu;mutation;;
A2F;p.Ala2Phe;mutation;;
A2G;p.Ala2Gly;mutation;;
A2H;p.Ala2His;mutation;;
A2I;p.Ala2Ile;mutation;;
A2L;p.Ala2Leu;mutation;;
A2M;p.Ala2Met;mutation;;
A2N;p.Ala2Asn;mutation;;
A2P;p.Ala2Pro;mutation;;
A2Q;p.Ala2Gln;mutation;;
A2R;p.Ala2Arg;mutation;;
A2S;p.Ala2Ser;mutation;;
A2T;p.Ala2Thr;mutation;;
A2V;p.Ala2Val;mutation;;
A2Y;p.Ala2Tyr;mutation;;
A2W;p.Ala2Trp;mutation;;
A2K;p.Ala2Lys;mutation;;
A3C;p.Ala3Cys;mutation;;
A3D;p.Ala3Asp;mutation;;
A3E;p.Ala3Glu;mutation;;
A3F;p.Ala3Phe;mutation;;
A3G;p.Ala3Gly;mutation;;
A3H;p.Ala3His;mutation;;
A3I;p.Ala3Ile;mutation;;
A3L;p.Ala3Leu;mutation;;
A3M;p.Ala3Met;mutation;;
A3N;p.Ala3Asn;mutation;;
A3P;p.Ala3Pro;mutation;;
A3Q;p.Ala3Gln;mutation;;
A3R;p.Ala3Arg;mutation;;
A3S;p.Ala3Ser;mutation;;
A3T;p.Ala3Thr;mutation;;
A3V;p.Ala3Val;mutation;;
A3Y;p.Ala3Tyr;mutation;;
A3W;p.Ala3Trp;mutation;;
A3K;p.Ala3Lys;mutation;;
A4C;p.Ala4Cys;mutation;;
A4D;p.Ala4Asp;mutation;;
A4E;p.Ala4Glu;mutation;;
A4F;p.Ala4Phe;mutation;;
A4G;p.Ala4Gly;mutation;;
A4H;p.Ala4His;mutation;;
A4I;p.Ala4Ile;mutation;;
A4L;p.Ala4Leu;mutation;;
A4M;p.Ala4Met;mutation;;
A4N;p.Ala4Asn;mutation;;
A4P;p.Ala4Pro;mutation;;
A4Q;p.Ala4Gln;mutation;;
A4R;p.Ala4Arg;mutation;;
A4S;p.Ala4Ser;mutation;;
A4T;p.Ala4Thr;mutation;;
A4V;p.Ala4Val;mutation;;
A4Y;p.Ala4Tyr;mutation;;
A4W;p.Ala4Trp;mutation;;
A4K;p.Ala4Lys;mutation;;
S5A;p.Ser5Ala;mutation;;
S5C;p.Ser5Cys;mutation;;
S5D;p.Ser5Asp;mutation;;
S5E;p.Ser5Glu;mutation;;
S5F;p.Ser5Phe;mutation;;
S5G;p.Ser5Gly;mutation;;
S5H;p.Ser5His;mutation;;
S5I;p.Ser5Ile;mutation;;
S5L;p.Ser5Leu;mutation;;
S5M;p.Ser5Met;mutation;;
S5N;p.Ser5Asn;mutation;;
S5P;p.Ser5Pro;mutation;;
S5Q;p.Ser5Gln;mutation;;
S5R;p.Ser5Arg;mutation;;
S5T;p.Ser5Thr;mutation;;
S5V;p.Ser5Val;mutation;;
S5Y;p.Ser5Tyr;mutation;;
S5W;p.Ser5Trp;mutation;;
S5K;p.Ser5Lys;mutation;;
